{
  "1": [936681.8145461932, 190522.17317690328],
  "2": [1035188.4432317213, 1034866.4578597962],
  "3": [1027136.4187165161, 254730.02323719976],
  "4": [990423.9951187021, 203100.09822418535],
  "5": [932133.2314413155, 139954.50996804115],
  "6": [964098.9923316475, 157533.64086689008],
  "7": [1006324.9528010159, 216569.46488613734],
  "8": [1005541.578428708, 222960.59880608026],
  "9": [1043403.6964424162, 214170.72791152482],
  "10": [1042775.763284141, 186452.5749747259],
  "11": [982164.4843401228, 159335.23261050048],
  "12": [979889.6916131347, 195215.41397519247],
  "13": [979844.2003848215, 198508.1124868052],
  "14": [976332.8172854836, 166469.28545019013],
  "15": [1043719.6677197507, 225304.73746353592],
  "16": [1046653.0809081809, 216690.19207414426],
  "17": [997925.4986675412, 191314.49784658078],
  "18": [1014322.5420497989, 255779.45634585217],
  "19": [1059467.420197559, 207808.53491773916],
  "20": [1015730.9967406403, 251796.60456086387],
  "21": [988177.3452702466, 158599.72073517917],
  "22": [985618.3480219664, 161399.88897313928],
  "23": [939687.936596148, 160650.86115077356],
  "24": [993795.4348631444, 231438.45749937295],
  "25": [988001.8570742453, 189102.7696533908],
  "26": [986990.6410414877, 168293.0219657942],
  "27": [1011562.8436705032, 142931.07276912333],
  "28": [1037383.3564459425, 198281.3194770768],
  "29": [995188.7001099557, 151504.61214968527],
  "30": [1032900.6199664536, 159709.402895911],
  "31": [1018522.6160835319, 252630.08796193652],
  "32": [1021909.5536871115, 254224.05337778543],
  "33": [985353.2652373214, 192941.75678170295],
  "34": [992763.6321219805, 993014.0651890333],
  "35": [1008500.4358634831, 181131.1099033607],
  "36": [1007105.3972298054, 193942.62411453476],
  "37": [1006317.8592535502, 192966.72692115788],
  "38": [1057249.2987465202, 191999.3058301648],
  "39": [1014616.5387507448, 1014612.8377694583],
  "40": [985565.1464159731, 186487.54844221938],
  "41": [997895.967921026, 232263.99932704098],
  "42": [1000036.9855952628, 238383.28708044073],
  "43": [993821.5730434803, 224339.45448845945],
  "44": [920134.2645916182, 131473.97862985267],
  "45": [984573.206327416, 199035.1580602549],
  "46": [1043853.3656687252, 1043862.9265370485],
  "47": [1011810.8094166983, 247265.5551271077],
  "48": [987065.5088087623, 216984.7175416603],
  "49": [994870.5699268709, 190214.74265260476],
  "50": [985382.7959838365, 218558.37085630116],
  "51": [1031400.4888849948, 257542.02747398405],
  "52": [985219.1046656859, 189371.9431750382],
  "53": [1029485.6936918949, 1029056.9966928761],
  "54": [983766.5466145138, 983138.6134562388],
  "55": [988080.5800303601, 149525.25133986352],
  "56": [1023679.8564024845, 209480.84700967607],
  "57": [1024882.3669054877, 213277.30090350375],
  "58": [1034336.8320169437, 245907.85152004662],
  "59": [1013605.5540293176, 244940.7358741845],
  "60": [1016080.1226419995, 242176.61016167622],
  "61": [1000222.6514898019, 184828.37049091322],
  "62": [999331.4860375249, 182388.01661720913],
  "63": [1016826.8727203265, 188756.70032002745],
  "64": [1057282.2220592147, 216509.5212791889],
  "65": [988326.2326632512, 192611.64695643156],
  "66": [987785.0412538783, 194926.539242599],
  "67": [980809.3854628284, 164582.09270863177],
  "68": [984272.4244941114, 211950.44725466834],
  "69": [1007449.5884894494, 241900.48776329978],
  "70": [1021524.9600484234, 217720.687584678],
  "71": [1001712.527768946, 173977.43221400763],
  "72": [1006383.1661525015, 177064.48979121004],
  "73": [1037525.0731877045, 213953.8618685522],
  "74": [1002233.8264039041, 1002225.4991960095],
  "75": [999364.8719728801, 227274.4003904501],
  "76": [1016831.9615695954, 179326.00554074443],
  "77": [1014025.6925091114, 182353.11951099843],
  "78": [1016891.4085815097, 247542.67022215974],
  "79": [988320.0643611071, 204490.1026538441],
  "80": [1001683.768060199, 199576.17774844545],
  "81": [1033107.7978147204, 258985.4848015586],
  "82": [1018027.4556289098, 208346.50015462024],
  "83": [1013658.8327390876, 208955.93955214298],
  "84": [931305.7537086769, 133164.7701522119],
  "85": [997511.9140087755, 175002.73515731527],
  "86": [1052031.994585439, 158903.7913630373],
  "87": [982242.9759849072, 196731.41452136706],
  "88": [981197.0632525887, 195500.39428236638],
  "89": [995169.6554770856, 172740.83760136718],
  "90": [985089.2619055514, 209710.31266430026],
  "91": [1003095.461109666, 168064.01447886642],
  "92": [1032064.2752994827, 217800.79057026893],
  "93": [1028817.7436734596, 208627.8914815055],
  "94": [1012365.339779458, 252006.82717223838],
  "95": [1026961.1618318453, 202611.53873723504],
  "96": [1020467.9443722453, 192795.83037039282],
  "97": [990851.6126648457, 190709.02923576036],
  "98": [1046164.088755703, 206796.82428275872],
  "99": [931918.4203191452, 150431.35432081894],
  "100": [987355.5732170914, 213800.91021923028],
  "101": [1063366.095567773, 210296.69095443652],
  "102": [1018557.1585755392, 195300.09863774764],
  "103": [971731.186782166, 190599.52715631571],
  "104": [972966.543494087, 193824.03504244442],
  "105": [978928.1304126375, 189983.29160462937],
  "106": [986971.6735123944, 184562.633226989],
  "107": [988679.6763761113, 207908.9500045381],
  "108": [989022.402663996, 153835.387582662],
  "109": [942358.9656321214, 139363.01547196152],
  "110": [948949.5651618224, 137238.87367007072],
  "111": [986687.0834722184, 176779.12767762245],
  "112": [1003022.7522481417, 1002943.4895655893],
  "113": [985644.6404098559, 206046.04015089007],
  "114": [985030.8943465124, 204700.78343291508],
  "115": [960007.5575194284, 165215.05138123748],
  "116": [998337.1557318869, 240814.01943251997],
  "117": [1042513.1478203535, 156515.36316159426],
  "118": [948082.5331916842, 152680.49954254995],
  "119": [1005032.1537753775, 244144.21133395645],
  "120": [1003283.0545986252, 247501.28240691638],
  "121": [1038919.7263024984, 204343.71807483758],
  "122": [1050455.3765573928, 198387.3089375155],
  "123": [994098.5298097528, 157848.63115817957],
  "124": [1030482.337110837, 1030578.7168318394],
  "125": [981845.1204966091, 203584.3051180197],
  "126": [1015921.2117580108, 235831.5220952236],
  "127": [1005814.525798587, 1005651.8368295348],
  "128": [1005369.1743837789, 1005379.660497424],
  "129": [1016211.121958786, 215885.80232179438],
  "130": [1041804.5641115436, 195570.95210761525],
  "131": [1047180.3936377296, 201829.75192457522],
  "132": [1039171.3159262032, 1039211.5640976938],
  "133": [990301.8627362477, 172228.22431035474],
  "134": [1031449.6810945943, 197517.70664970833],
  "135": [1033911.2191689969, 205111.14896634288],
  "136": [1010417.0044434494, 254566.6100921429],
  "137": [990575.812455225, 209001.7563217851],
  "138": [1020461.9302776547, 1020476.7342028007],
  "139": [1055325.1739964276, 186340.17116653727],
  "140": [996790.7623843468, 218101.11949527296],
  "141": [995431.2685917746, 218700.47920347448],
  "142": [989365.5915745415, 221142.05485770231],
  "143": [987446.7869850481, 221916.58734850213],
  "144": [985013.9315156159, 201895.0408213152],
  "145": [998207.5442830827, 211280.6824437835],
  "146": [1002506.8508775599, 214131.0200445017],
  "147": [1012302.8086164717, 237700.54085149057],
  "148": [986837.8213558663, 201264.7547936053],
  "149": [999125.6960572405, 160182.30831990027],
  "150": [999477.5976945646, 150760.08964300103],
  "151": [993048.4534734869, 229960.10306558764],
  "152": [996966.7903067856, 237124.5476958066],
  "153": [1008800.5237627963, 258294.56791535564],
  "154": [1007032.9196796115, 1007291.988369666],
  "155": [1007221.5926214459, 164368.43383953406],
  "156": [944527.5093546765, 944395.8161038987],
  "157": [1010417.2357547798, 203073.9063042066],
  "158": [981541.0232009022, 207164.65658170212],
  "159": [1008064.7995245521, 237431.21460727777],
  "160": [1016906.8293368701, 201091.79648820634],
  "161": [990433.4017794719, 215448.40489427774],